{
    "thickness of top slab": [
        1617.167236328125
    ],
    "thickness of bottom slab": [
        1748.0023193359375
    ],
    "thickness of wall": [
        1557.3660888671875
    ],
    "thickness of middle wall1": [
        969.6122436523438
    ],
    "thickness of middle wall2": [
        34.50664520263672
    ],
    "dtime": 9.986797094345093
}
